<?xml version="1.0" encoding="utf-8"?>
<VugenScriptMetadata>
  <ScriptName>AFTS_Devl_1</ScriptName>
  <Protocol>Web Services</Protocol>
  <ActionFiles>
    <FileEntry Name="vuser_init.c" Filter="2" />
    <FileEntry Name="Action.c" Filter="2" />
    <FileEntry Name="vuser_end.c" Filter="2" />
  </ActionFiles>
  <GeneralFiles>
    <FileEntry Name="AFTS_Devl_1.usr" Filter="4" />
    <FileEntry Name="default.cfg" Filter="4" />
    <FileEntry Name="default.usp" Filter="4" />
    <FileEntry Name="AFTS_Devl.prm" Filter="2" />
    <FileEntry Name="globals.h" Filter="2" />
    <FileEntry Name="App_Client_SecretName.dat" Filter="2" />
    <FileEntry Name="Client_ID.dat" Filter="2" />
    <FileEntry Name="Client_Secret.dat" Filter="2" />
    <FileEntry Name="ID.dat" Filter="2" />
    <FileEntry Name="AFTS_File_Size.txt" Filter="2" />
    <FileEntry Name="App_NUID_SecretName.dat" Filter="2" />
    <FileEntry Name="CmdLineCmd.dat" Filter="2" />
    <FileEntry Name="NUID.dat" Filter="2" />
    <FileEntry Name="pDocFile.dat" Filter="2" />
    <FileEntry Name="Token_User_ID.dat" Filter="2" />
    <FileEntry Name="API_Key.dat" Filter="2" />
    <FileEntry Name="pURL.dat" Filter="2" />
    <FileEntry Name="a.xml" Filter="2" />
    <FileEntry Name="tokenurl.dat" Filter="2" />
    <FileEntry Name="WSDL\" Filter="2" />
    <FileEntry Name="AFTS_12MB.dat" Filter="1" />
    <FileEntry Name="AFTS_12MB.txt" Filter="1" />
    <FileEntry Name="AFTS_Devl.prm.bak" Filter="1" />
    <FileEntry Name="Bookmarks.xml" Filter="1" />
    <FileEntry Name="Breakpoints.xml" Filter="1" />
    <FileEntry Name="CompilerLogMetadata.xml" Filter="1" />
    <FileEntry Name="logfile.log" Filter="1" />
    <FileEntry Name="mdrv.log" Filter="1" />
    <FileEntry Name="mdrv_cmd.txt" Filter="1" />
    <FileEntry Name="options.txt" Filter="1" />
    <FileEntry Name="output.bak" Filter="1" />
    <FileEntry Name="output.txt" Filter="1" />
    <FileEntry Name="OutputColoringDatabase.json" Filter="1" />
    <FileEntry Name="ReplaySummaryReport.xml" Filter="1" />
    <FileEntry Name="ScriptUploadMetadata.xml" Filter="1" />
    <FileEntry Name="TraxID.dat" Filter="1" />
    <FileEntry Name="UserTasks.xml" Filter="1" />
  </GeneralFiles>
</VugenScriptMetadata>